{
  "accuracy": 94.12,
  "auc": 1.0,
  "cv_mean": 89.63,
  "cv_std": 12.04,
  "confusion_matrix": [
    [
      18,
      0
    ],
    [
      2,
      14
    ]
  ],
  "classification_report": {
    "Safe": {
      "precision": 0.9,
      "recall": 1.0,
      "f1-score": 0.9473684210526315,
      "support": 18.0
    },
    "Phishing": {
      "precision": 1.0,
      "recall": 0.875,
      "f1-score": 0.9333333333333333,
      "support": 16.0
    },
    "accuracy": 0.9411764705882353,
    "macro avg": {
      "precision": 0.95,
      "recall": 0.9375,
      "f1-score": 0.9403508771929825,
      "support": 34.0
    },
    "weighted avg": {
      "precision": 0.9470588235294118,
      "recall": 0.9411764705882353,
      "f1-score": 0.9407636738906088,
      "support": 34.0
    }
  },
  "n_samples": 135,
  "n_features": 1850
}